song,clean,quality,vocals,singable,notes
"JX_w2zDaAXY","5","5","5","4",""
"אבי לרנר - ותהי שמחה","5","4","5","5",""
"בני פרידמן, ברוך לוין - ושבו בנים","5","5","5","5",""
"דרוש נא (1)","5","5","5","5",""
"שי וינר - כנפי השכינה","5","5","5","5",""

"VERDICT","עובר — ממשיכים כמתוכנן"
"CONCLUSION","הפרדת Demucs (htdemucs) נבדקה על 5 שירים. הליווי נקי משאריות שירה בכל החמישה — הזמר המקורי לא נשמע. איכות הליווי גבוהה (4–5), ללא עיוותים מפריעים. ערוץ השירה המבודד ברור בכל השירים, מה שמבשר טובות לתמלול בשלב 0.4. השורה התחתונה: אפשר לשיר על זה. D-05 (Demucs) ו-D-06 (ארבעה ערוצים) מאושרים כפי שהם. אין צורך ב-T-0.1.4."
"MODEL","htdemucs"
"DATE","2026-08-16"
"NOTE","הציון בעמודה clean תוקן מ-1 ל-5 לאחר בירור: הסימון המקורי היה טעות קריאה של הסולם, לא ממצא"
